,vstup,vÃ½stup
0,<scipy.interpolate.interpolate.interp1d object at 0x7f920617b868>,0.0
1,<scipy.interpolate.interpolate.interp1d object at 0x7f920617b868>,-0.00953817237468961
2,<scipy.interpolate.interpolate.interp1d object at 0x7f920617b868>,-0.06286400980226961
3,<scipy.interpolate.interpolate.interp1d object at 0x7f920617b868>,-0.15983877720097525
4,<scipy.interpolate.interpolate.interp1d object at 0x7f920617b868>,-0.26335136788487323
5,<scipy.interpolate.interpolate.interp1d object at 0x7f920617b868>,-0.3369514530317724
6,<scipy.interpolate.interpolate.interp1d object at 0x7f920617b868>,-0.37493850201645623
7,<scipy.interpolate.interpolate.interp1d object at 0x7f920617b868>,-0.4014595603257173
8,<scipy.interpolate.interpolate.interp1d object at 0x7f920617b868>,-0.4449228503452635
9,<scipy.interpolate.interpolate.interp1d object at 0x7f920617b868>,-0.5124914247818781
10,<scipy.interpolate.interpolate.interp1d object at 0x7f920617b868>,-0.588859393548538
11,<scipy.interpolate.interpolate.interp1d object at 0x7f920617b868>,-0.6515336282585172
12,<scipy.interpolate.interpolate.interp1d object at 0x7f920617b868>,-0.6922516727709327
13,<scipy.interpolate.interpolate.interp1d object at 0x7f920617b868>,-0.7200029337567165
14,<scipy.interpolate.interpolate.interp1d object at 0x7f920617b868>,-0.7515446228047908
15,<scipy.interpolate.interpolate.interp1d object at 0x7f920617b868>,-0.7942234721411957
16,<scipy.interpolate.interpolate.interp1d object at 0x7f920617b868>,-0.8430197178647649
17,<scipy.interpolate.interpolate.interp1d object at 0x7f920617b868>,-0.8849025019304066
18,<scipy.interpolate.interpolate.interp1d object at 0x7f920617b868>,-0.91233144844288
19,<scipy.interpolate.interpolate.interp1d object at 0x7f920617b868>,-0.9292691082760575
20,<scipy.interpolate.interpolate.interp1d object at 0x7f920617b868>,-0.9437314219017695
21,<scipy.interpolate.interpolate.interp1d object at 0x7f920617b868>,-0.9621976032642784
22,<scipy.interpolate.interpolate.interp1d object at 0x7f920617b868>,-0.9830532535388107
23,<scipy.interpolate.interpolate.interp1d object at 0x7f920617b868>,-0.9996678302842434
24,<scipy.interpolate.interpolate.interp1d object at 0x7f920617b868>,-1.006817646062164
25,<scipy.interpolate.interpolate.interp1d object at 0x7f920617b868>,-1.0046822025729647
26,<scipy.interpolate.interpolate.interp1d object at 0x7f920617b868>,-0.9979137413397831
27,<scipy.interpolate.interpolate.interp1d object at 0x7f920617b868>,-0.9918123536031108
28,<scipy.interpolate.interpolate.interp1d object at 0x7f920617b868>,-0.9860684119309798
29,<scipy.interpolate.interpolate.interp1d object at 0x7f920617b868>,-0.9769477556000054
30,<scipy.interpolate.interpolate.interp1d object at 0x7f920617b868>,-0.9607337315658668
31,<scipy.interpolate.interpolate.interp1d object at 0x7f920617b868>,-0.937693278214313
32,<scipy.interpolate.interpolate.interp1d object at 0x7f920617b868>,-0.9093399434474124
33,<scipy.interpolate.interpolate.interp1d object at 0x7f920617b868>,-0.8802139948454888
34,<scipy.interpolate.interpolate.interp1d object at 0x7f920617b868>,-0.8503598569480046
35,<scipy.interpolate.interpolate.interp1d object at 0x7f920617b868>,-0.8183480236915627
36,<scipy.interpolate.interpolate.interp1d object at 0x7f920617b868>,-0.781082039115513
37,<scipy.interpolate.interpolate.interp1d object at 0x7f920617b868>,-0.7380587186867611
38,<scipy.interpolate.interpolate.interp1d object at 0x7f920617b868>,-0.691530062647094
39,<scipy.interpolate.interpolate.interp1d object at 0x7f920617b868>,-0.6436382940990889
40,<scipy.interpolate.interpolate.interp1d object at 0x7f920617b868>,-0.5950677494323068
41,<scipy.interpolate.interpolate.interp1d object at 0x7f920617b868>,-0.5448873597011509
42,<scipy.interpolate.interpolate.interp1d object at 0x7f920617b868>,-0.49154686158862143
43,<scipy.interpolate.interpolate.interp1d object at 0x7f920617b868>,-0.4344848845346524
44,<scipy.interpolate.interpolate.interp1d object at 0x7f920617b868>,-0.37529091639260564
45,<scipy.interpolate.interpolate.interp1d object at 0x7f920617b868>,-0.31541191414835595
46,<scipy.interpolate.interpolate.interp1d object at 0x7f920617b868>,-0.25554271254138966
47,<scipy.interpolate.interpolate.interp1d object at 0x7f920617b868>,-0.19513284106635986
48,<scipy.interpolate.interpolate.interp1d object at 0x7f920617b868>,-0.13329770459608004
49,<scipy.interpolate.interpolate.interp1d object at 0x7f920617b868>,-0.07012270945622863
50,<scipy.interpolate.interpolate.interp1d object at 0x7f920617b868>,-0.005989998170851024
51,<scipy.interpolate.interpolate.interp1d object at 0x7f920617b868>,0.057682628730975696
52,<scipy.interpolate.interpolate.interp1d object at 0x7f920617b868>,0.12027479076602686
53,<scipy.interpolate.interpolate.interp1d object at 0x7f920617b868>,0.18200240176675334
54,<scipy.interpolate.interpolate.interp1d object at 0x7f920617b868>,0.243266532091734
55,<scipy.interpolate.interpolate.interp1d object at 0x7f920617b868>,0.304149519161523
56,<scipy.interpolate.interpolate.interp1d object at 0x7f920617b868>,0.3645867565737245
57,<scipy.interpolate.interpolate.interp1d object at 0x7f920617b868>,0.42314181578187193
58,<scipy.interpolate.interpolate.interp1d object at 0x7f920617b868>,0.4790097056229175
59,<scipy.interpolate.interpolate.interp1d object at 0x7f920617b868>,0.5331133176421635
60,<scipy.interpolate.interpolate.interp1d object at 0x7f920617b868>,0.5848982768718051
61,<scipy.interpolate.interpolate.interp1d object at 0x7f920617b868>,0.6351662448095419
62,<scipy.interpolate.interpolate.interp1d object at 0x7f920617b868>,0.6837079851630554
63,<scipy.interpolate.interpolate.interp1d object at 0x7f920617b868>,0.7290127096040756
64,<scipy.interpolate.interpolate.interp1d object at 0x7f920617b868>,0.7708979265491078
65,<scipy.interpolate.interpolate.interp1d object at 0x7f920617b868>,0.8090282972253082
66,<scipy.interpolate.interpolate.interp1d object at 0x7f920617b868>,0.8442279938849165
67,<scipy.interpolate.interpolate.interp1d object at 0x7f920617b868>,0.8769669251790855
68,<scipy.interpolate.interpolate.interp1d object at 0x7f920617b868>,0.9064582602222269
69,<scipy.interpolate.interpolate.interp1d object at 0x7f920617b868>,0.932214851765694
70,<scipy.interpolate.interpolate.interp1d object at 0x7f920617b868>,0.9532869987263644
71,<scipy.interpolate.interpolate.interp1d object at 0x7f920617b868>,0.9708952630040181
72,<scipy.interpolate.interpolate.interp1d object at 0x7f920617b868>,0.9844359405821098
73,<scipy.interpolate.interpolate.interp1d object at 0x7f920617b868>,0.9950663217545066
74,<scipy.interpolate.interpolate.interp1d object at 0x7f920617b868>,1.0015539022988253
75,<scipy.interpolate.interpolate.interp1d object at 0x7f920617b868>,1.0038047893117785
76,<scipy.interpolate.interpolate.interp1d object at 0x7f920617b868>,1.0020138456490058
77,<scipy.interpolate.interpolate.interp1d object at 0x7f920617b868>,0.9957047754337862
78,<scipy.interpolate.interpolate.interp1d object at 0x7f920617b868>,0.9862584878067288
79,<scipy.interpolate.interpolate.interp1d object at 0x7f920617b868>,0.97245832769161
80,<scipy.interpolate.interpolate.interp1d object at 0x7f920617b868>,0.9551660722055061
81,<scipy.interpolate.interpolate.interp1d object at 0x7f920617b868>,0.9341939007074073
82,<scipy.interpolate.interpolate.interp1d object at 0x7f920617b868>,0.9090962328657233
83,<scipy.interpolate.interpolate.interp1d object at 0x7f920617b868>,0.8808772973663322
84,<scipy.interpolate.interpolate.interp1d object at 0x7f920617b868>,0.8481687583481059
85,<scipy.interpolate.interpolate.interp1d object at 0x7f920617b868>,0.8124681073712352
86,<scipy.interpolate.interpolate.interp1d object at 0x7f920617b868>,0.7741774110330847
87,<scipy.interpolate.interpolate.interp1d object at 0x7f920617b868>,0.7328888626864374
88,<scipy.interpolate.interpolate.interp1d object at 0x7f920617b868>,0.688791051993999
89,<scipy.interpolate.interpolate.interp1d object at 0x7f920617b868>,0.6408553428391471
90,<scipy.interpolate.interpolate.interp1d object at 0x7f920617b868>,0.5904484382647197
91,<scipy.interpolate.interpolate.interp1d object at 0x7f920617b868>,0.5382204452209873
92,<scipy.interpolate.interpolate.interp1d object at 0x7f920617b868>,0.4842233690536157
93,<scipy.interpolate.interpolate.interp1d object at 0x7f920617b868>,0.42846014163755974
94,<scipy.interpolate.interpolate.interp1d object at 0x7f920617b868>,0.3704955867552753
95,<scipy.interpolate.interpolate.interp1d object at 0x7f920617b868>,0.3107921713315506
96,<scipy.interpolate.interpolate.interp1d object at 0x7f920617b868>,0.2498190553102811
97,<scipy.interpolate.interpolate.interp1d object at 0x7f920617b868>,0.1881673282588199
98,<scipy.interpolate.interpolate.interp1d object at 0x7f920617b868>,0.12607914245162302
99,<scipy.interpolate.interpolate.interp1d object at 0x7f920617b868>,0.06341241922211885
100,<scipy.interpolate.interpolate.interp1d object at 0x7f920617b868>,0.00018573095904473105
101,<scipy.interpolate.interpolate.interp1d object at 0x7f920617b868>,-0.06312163785844377
102,<scipy.interpolate.interpolate.interp1d object at 0x7f920617b868>,-0.1262363277727567
103,<scipy.interpolate.interpolate.interp1d object at 0x7f920617b868>,-0.18864472232151958
104,<scipy.interpolate.interpolate.interp1d object at 0x7f920617b868>,-0.25018144596114
105,<scipy.interpolate.interpolate.interp1d object at 0x7f920617b868>,-0.31044691086327386
106,<scipy.interpolate.interpolate.interp1d object at 0x7f920617b868>,-0.36979481834472744
107,<scipy.interpolate.interpolate.interp1d object at 0x7f920617b868>,-0.4281250049763091
108,<scipy.interpolate.interpolate.interp1d object at 0x7f920617b868>,-0.4845981571306768
109,<scipy.interpolate.interpolate.interp1d object at 0x7f920617b868>,-0.5389258530912383
110,<scipy.interpolate.interpolate.interp1d object at 0x7f920617b868>,-0.5910783311889903
111,<scipy.interpolate.interpolate.interp1d object at 0x7f920617b868>,-0.6403169122503503
112,<scipy.interpolate.interpolate.interp1d object at 0x7f920617b868>,-0.687443181255163
113,<scipy.interpolate.interpolate.interp1d object at 0x7f920617b868>,-0.7324255728477009
114,<scipy.interpolate.interpolate.interp1d object at 0x7f920617b868>,-0.7745081570060552
115,<scipy.interpolate.interpolate.interp1d object at 0x7f920617b868>,-0.8136481111605002
116,<scipy.interpolate.interpolate.interp1d object at 0x7f920617b868>,-0.8487694151438101
117,<scipy.interpolate.interpolate.interp1d object at 0x7f920617b868>,-0.879817548722648
118,<scipy.interpolate.interpolate.interp1d object at 0x7f920617b868>,-0.9084103087751514
119,<scipy.interpolate.interpolate.interp1d object at 0x7f920617b868>,-0.9334967175118196
120,<scipy.interpolate.interpolate.interp1d object at 0x7f920617b868>,-0.9556921227199394
121,<scipy.interpolate.interpolate.interp1d object at 0x7f920617b868>,-0.9732931067967311
122,<scipy.interpolate.interpolate.interp1d object at 0x7f920617b868>,-0.9862099206553316
123,<scipy.interpolate.interpolate.interp1d object at 0x7f920617b868>,-0.9956547730448302
124,<scipy.interpolate.interpolate.interp1d object at 0x7f920617b868>,-1.001002210087589
125,<scipy.interpolate.interpolate.interp1d object at 0x7f920617b868>,-1.003475481798358
126,<scipy.interpolate.interpolate.interp1d object at 0x7f920617b868>,-1.0016603775588406
127,<scipy.interpolate.interpolate.interp1d object at 0x7f920617b868>,-0.9955832180922457
128,<scipy.interpolate.interpolate.interp1d object at 0x7f920617b868>,-0.9853643567433854
129,<scipy.interpolate.interpolate.interp1d object at 0x7f920617b868>,-0.9707595909838298
130,<scipy.interpolate.interpolate.interp1d object at 0x7f920617b868>,-0.9531337490112991
131,<scipy.interpolate.interpolate.interp1d object at 0x7f920617b868>,-0.9313575252039367
132,<scipy.interpolate.interpolate.interp1d object at 0x7f920617b868>,-0.9062911986071746
133,<scipy.interpolate.interpolate.interp1d object at 0x7f920617b868>,-0.8776830294009434
134,<scipy.interpolate.interpolate.interp1d object at 0x7f920617b868>,-0.845112480842842
135,<scipy.interpolate.interpolate.interp1d object at 0x7f920617b868>,-0.8095454658969924
136,<scipy.interpolate.interpolate.interp1d object at 0x7f920617b868>,-0.7699903285915851
137,<scipy.interpolate.interpolate.interp1d object at 0x7f920617b868>,-0.7278791898652868
138,<scipy.interpolate.interpolate.interp1d object at 0x7f920617b868>,-0.6833432074726025
139,<scipy.interpolate.interpolate.interp1d object at 0x7f920617b868>,-0.6360358627680999
140,<scipy.interpolate.interpolate.interp1d object at 0x7f920617b868>,-0.5862545864007985
141,<scipy.interpolate.interpolate.interp1d object at 0x7f920617b868>,-0.5333557734739813
142,<scipy.interpolate.interpolate.interp1d object at 0x7f920617b868>,-0.4784632906456814
143,<scipy.interpolate.interpolate.interp1d object at 0x7f920617b868>,-0.4219127951378066
144,<scipy.interpolate.interpolate.interp1d object at 0x7f920617b868>,-0.36416157338287963
145,<scipy.interpolate.interpolate.interp1d object at 0x7f920617b868>,-0.3048912447550146
146,<scipy.interpolate.interpolate.interp1d object at 0x7f920617b868>,-0.24428031050136775
147,<scipy.interpolate.interpolate.interp1d object at 0x7f920617b868>,-0.1822932343380762
148,<scipy.interpolate.interpolate.interp1d object at 0x7f920617b868>,-0.11962001764693443
149,<scipy.interpolate.interpolate.interp1d object at 0x7f920617b868>,-0.05660097697760777
150,<scipy.interpolate.interpolate.interp1d object at 0x7f920617b868>,0.006400604680021529
151,<scipy.interpolate.interpolate.interp1d object at 0x7f920617b868>,0.06931304142762322
152,<scipy.interpolate.interpolate.interp1d object at 0x7f920617b868>,0.13199678101727824
153,<scipy.interpolate.interpolate.interp1d object at 0x7f920617b868>,0.1943856256847829
154,<scipy.interpolate.interpolate.interp1d object at 0x7f920617b868>,0.2563515511448702
155,<scipy.interpolate.interpolate.interp1d object at 0x7f920617b868>,0.31715189300882607
156,<scipy.interpolate.interpolate.interp1d object at 0x7f920617b868>,0.37641606840851044
157,<scipy.interpolate.interpolate.interp1d object at 0x7f920617b868>,0.4335544961456102
158,<scipy.interpolate.interpolate.interp1d object at 0x7f920617b868>,0.48928969375786197
159,<scipy.interpolate.interpolate.interp1d object at 0x7f920617b868>,0.543680361623654
160,<scipy.interpolate.interpolate.interp1d object at 0x7f920617b868>,0.5960441515816154
161,<scipy.interpolate.interpolate.interp1d object at 0x7f920617b868>,0.6462145789608245
162,<scipy.interpolate.interpolate.interp1d object at 0x7f920617b868>,0.6933776446340548
163,<scipy.interpolate.interpolate.interp1d object at 0x7f920617b868>,0.736308984222866
164,<scipy.interpolate.interpolate.interp1d object at 0x7f920617b868>,0.7770375982866422
165,<scipy.interpolate.interpolate.interp1d object at 0x7f920617b868>,0.8158631963917443
166,<scipy.interpolate.interpolate.interp1d object at 0x7f920617b868>,0.8516472511569716
167,<scipy.interpolate.interpolate.interp1d object at 0x7f920617b868>,0.8845611509205408
168,<scipy.interpolate.interpolate.interp1d object at 0x7f920617b868>,0.9125923509989798
169,<scipy.interpolate.interpolate.interp1d object at 0x7f920617b868>,0.9360609330426883
170,<scipy.interpolate.interpolate.interp1d object at 0x7f920617b868>,0.9563069944978008
171,<scipy.interpolate.interpolate.interp1d object at 0x7f920617b868>,0.9731876706645661
172,<scipy.interpolate.interpolate.interp1d object at 0x7f920617b868>,0.9878607202404192
173,<scipy.interpolate.interpolate.interp1d object at 0x7f920617b868>,0.9977411048956796
174,<scipy.interpolate.interpolate.interp1d object at 0x7f920617b868>,1.0022517089845608
175,<scipy.interpolate.interpolate.interp1d object at 0x7f920617b868>,1.0032392043510234
176,<scipy.interpolate.interpolate.interp1d object at 0x7f920617b868>,0.9998203802056678
177,<scipy.interpolate.interpolate.interp1d object at 0x7f920617b868>,0.9936635974441143
178,<scipy.interpolate.interpolate.interp1d object at 0x7f920617b868>,0.984177390181457
179,<scipy.interpolate.interpolate.interp1d object at 0x7f920617b868>,0.9701575384783417
180,<scipy.interpolate.interpolate.interp1d object at 0x7f920617b868>,0.9520153079167186
181,<scipy.interpolate.interpolate.interp1d object at 0x7f920617b868>,0.9288203026549542
182,<scipy.interpolate.interpolate.interp1d object at 0x7f920617b868>,0.9026935806604413
183,<scipy.interpolate.interpolate.interp1d object at 0x7f920617b868>,0.873701664011604
184,<scipy.interpolate.interpolate.interp1d object at 0x7f920617b868>,0.8417501098014835
185,<scipy.interpolate.interpolate.interp1d object at 0x7f920617b868>,0.8063553857323255
186,<scipy.interpolate.interpolate.interp1d object at 0x7f920617b868>,0.7669093933518433
187,<scipy.interpolate.interpolate.interp1d object at 0x7f920617b868>,0.7240013000465074
188,<scipy.interpolate.interpolate.interp1d object at 0x7f920617b868>,0.6779148186290332
189,<scipy.interpolate.interpolate.interp1d object at 0x7f920617b868>,0.6303075790192982
190,<scipy.interpolate.interpolate.interp1d object at 0x7f920617b868>,0.5805576993775239
191,<scipy.interpolate.interpolate.interp1d object at 0x7f920617b868>,0.5285450106236337
192,<scipy.interpolate.interpolate.interp1d object at 0x7f920617b868>,0.47384749431530293
193,<scipy.interpolate.interpolate.interp1d object at 0x7f920617b868>,0.41687009600234504
194,<scipy.interpolate.interpolate.interp1d object at 0x7f920617b868>,0.35811943351815545
195,<scipy.interpolate.interpolate.interp1d object at 0x7f920617b868>,0.298274686828014
196,<scipy.interpolate.interpolate.interp1d object at 0x7f920617b868>,0.23757263889307564
197,<scipy.interpolate.interpolate.interp1d object at 0x7f920617b868>,0.1761210799173817
198,<scipy.interpolate.interpolate.interp1d object at 0x7f920617b868>,0.11388719254947091
199,<scipy.interpolate.interpolate.interp1d object at 0x7f920617b868>,0.0508331255670003
200,<scipy.interpolate.interpolate.interp1d object at 0x7f920617b868>,-0.012744659495607198
201,<scipy.interpolate.interpolate.interp1d object at 0x7f920617b868>,-0.07607352510193596
202,<scipy.interpolate.interpolate.interp1d object at 0x7f920617b868>,-0.13877007554245263
203,<scipy.interpolate.interpolate.interp1d object at 0x7f920617b868>,-0.20071736204733817
204,<scipy.interpolate.interpolate.interp1d object at 0x7f920617b868>,-0.26196923727130345
205,<scipy.interpolate.interpolate.interp1d object at 0x7f920617b868>,-0.32235770308502
206,<scipy.interpolate.interpolate.interp1d object at 0x7f920617b868>,-0.3819385636148311
207,<scipy.interpolate.interpolate.interp1d object at 0x7f920617b868>,-0.43990942734965754
208,<scipy.interpolate.interpolate.interp1d object at 0x7f920617b868>,-0.49537026688535946
209,<scipy.interpolate.interpolate.interp1d object at 0x7f920617b868>,-0.5490996010085724
210,<scipy.interpolate.interpolate.interp1d object at 0x7f920617b868>,-0.600651537860236
211,<scipy.interpolate.interpolate.interp1d object at 0x7f920617b868>,-0.6501349820014964
212,<scipy.interpolate.interpolate.interp1d object at 0x7f920617b868>,-0.6974363774454432
213,<scipy.interpolate.interpolate.interp1d object at 0x7f920617b868>,-0.741443466123978
214,<scipy.interpolate.interpolate.interp1d object at 0x7f920617b868>,-0.7824815700871149
215,<scipy.interpolate.interpolate.interp1d object at 0x7f920617b868>,-0.8201038845576928
216,<scipy.interpolate.interpolate.interp1d object at 0x7f920617b868>,-0.8547855688682685
217,<scipy.interpolate.interpolate.interp1d object at 0x7f920617b868>,-0.8864445552678014
218,<scipy.interpolate.interpolate.interp1d object at 0x7f920617b868>,-0.9144695833067985
219,<scipy.interpolate.interpolate.interp1d object at 0x7f920617b868>,-0.938957743197358
220,<scipy.interpolate.interpolate.interp1d object at 0x7f920617b868>,-0.9587450271692407
221,<scipy.interpolate.interpolate.interp1d object at 0x7f920617b868>,-0.9752201586569764
222,<scipy.interpolate.interpolate.interp1d object at 0x7f920617b868>,-0.9882410859833151
223,<scipy.interpolate.interpolate.interp1d object at 0x7f920617b868>,-0.997394495415032
224,<scipy.interpolate.interpolate.interp1d object at 0x7f920617b868>,-1.0028938266464344
225,<scipy.interpolate.interpolate.interp1d object at 0x7f920617b868>,-1.0034772152611917
226,<scipy.interpolate.interpolate.interp1d object at 0x7f920617b868>,-1.0003806660444812
227,<scipy.interpolate.interpolate.interp1d object at 0x7f920617b868>,-0.9930631943403192
228,<scipy.interpolate.interpolate.interp1d object at 0x7f920617b868>,-0.9824645966183166
229,<scipy.interpolate.interpolate.interp1d object at 0x7f920617b868>,-0.968153473748218
230,<scipy.interpolate.interpolate.interp1d object at 0x7f920617b868>,-0.9496265110068048
231,<scipy.interpolate.interpolate.interp1d object at 0x7f920617b868>,-0.9271988828093848
232,<scipy.interpolate.interpolate.interp1d object at 0x7f920617b868>,-0.9002616856519693
233,<scipy.interpolate.interpolate.interp1d object at 0x7f920617b868>,-0.8705494728194938
234,<scipy.interpolate.interpolate.interp1d object at 0x7f920617b868>,-0.8378024772453174
235,<scipy.interpolate.interpolate.interp1d object at 0x7f920617b868>,-0.8022079174290901
236,<scipy.interpolate.interpolate.interp1d object at 0x7f920617b868>,-0.7630035146422028
237,<scipy.interpolate.interpolate.interp1d object at 0x7f920617b868>,-0.7199967905388888
238,<scipy.interpolate.interpolate.interp1d object at 0x7f920617b868>,-0.6739555164057673
239,<scipy.interpolate.interpolate.interp1d object at 0x7f920617b868>,-0.6252578357858505
240,<scipy.interpolate.interpolate.interp1d object at 0x7f920617b868>,-0.5751263361010288
241,<scipy.interpolate.interpolate.interp1d object at 0x7f920617b868>,-0.5227162328470178
242,<scipy.interpolate.interpolate.interp1d object at 0x7f920617b868>,-0.46808028526400747
243,<scipy.interpolate.interpolate.interp1d object at 0x7f920617b868>,-0.4111478385962188
244,<scipy.interpolate.interpolate.interp1d object at 0x7f920617b868>,-0.35243995600081623
245,<scipy.interpolate.interpolate.interp1d object at 0x7f920617b868>,-0.2923800441216428
246,<scipy.interpolate.interpolate.interp1d object at 0x7f920617b868>,-0.23145921146237067
247,<scipy.interpolate.interpolate.interp1d object at 0x7f920617b868>,-0.16977076937290547
248,<scipy.interpolate.interpolate.interp1d object at 0x7f920617b868>,-0.10739596277320443
249,<scipy.interpolate.interpolate.interp1d object at 0x7f920617b868>,-0.04442661327780562
250,<scipy.interpolate.interpolate.interp1d object at 0x7f920617b868>,0.01877855459119917
251,<scipy.interpolate.interpolate.interp1d object at 0x7f920617b868>,0.2203522152041396
252,<scipy.interpolate.interpolate.interp1d object at 0x7f920617b868>,0.9016669522764653
253,<scipy.interpolate.interpolate.interp1d object at 0x7f920617b868>,1.5415770738098349
254,<scipy.interpolate.interpolate.interp1d object at 0x7f920617b868>,1.6119368540513643
255,<scipy.interpolate.interpolate.interp1d object at 0x7f920617b868>,1.157580765731589
256,<scipy.interpolate.interpolate.interp1d object at 0x7f920617b868>,0.6541463719754677
257,<scipy.interpolate.interpolate.interp1d object at 0x7f920617b868>,0.5315064140015625
258,<scipy.interpolate.interpolate.interp1d object at 0x7f920617b868>,0.8233384086484602
259,<scipy.interpolate.interpolate.interp1d object at 0x7f920617b868>,1.2098403231150479
260,<scipy.interpolate.interpolate.interp1d object at 0x7f920617b868>,1.3507156662039939
261,<scipy.interpolate.interpolate.interp1d object at 0x7f920617b868>,1.17188717951133
262,<scipy.interpolate.interpolate.interp1d object at 0x7f920617b868>,0.8823112378713265
263,<scipy.interpolate.interpolate.interp1d object at 0x7f920617b868>,0.7435072815965883
264,<scipy.interpolate.interpolate.interp1d object at 0x7f920617b868>,0.8449332553584767
265,<scipy.interpolate.interpolate.interp1d object at 0x7f920617b868>,1.057621873186651
266,<scipy.interpolate.interpolate.interp1d object at 0x7f920617b868>,1.1833781849390141
267,<scipy.interpolate.interpolate.interp1d object at 0x7f920617b868>,1.1323679819261958
268,<scipy.interpolate.interpolate.interp1d object at 0x7f920617b868>,0.9800721977035776
269,<scipy.interpolate.interpolate.interp1d object at 0x7f920617b868>,0.8721403316983004
270,<scipy.interpolate.interpolate.interp1d object at 0x7f920617b868>,0.8908016753701945
271,<scipy.interpolate.interpolate.interp1d object at 0x7f920617b868>,0.9977454155271842
272,<scipy.interpolate.interpolate.interp1d object at 0x7f920617b868>,1.0871578978520253
273,<scipy.interpolate.interpolate.interp1d object at 0x7f920617b868>,1.087036272286625
274,<scipy.interpolate.interpolate.interp1d object at 0x7f920617b868>,1.0141562027376754
275,<scipy.interpolate.interpolate.interp1d object at 0x7f920617b868>,0.9427238289119199
276,<scipy.interpolate.interpolate.interp1d object at 0x7f920617b868>,0.9320281486748575
277,<scipy.interpolate.interpolate.interp1d object at 0x7f920617b868>,0.9806094740409262
278,<scipy.interpolate.interpolate.interp1d object at 0x7f920617b868>,1.0364322614408974
279,<scipy.interpolate.interpolate.interp1d object at 0x7f920617b868>,1.051533968742398
280,<scipy.interpolate.interpolate.interp1d object at 0x7f920617b868>,1.0206265228002558
281,<scipy.interpolate.interpolate.interp1d object at 0x7f920617b868>,0.9779873128536528
282,<scipy.interpolate.interpolate.interp1d object at 0x7f920617b868>,0.9617000445982863
283,<scipy.interpolate.interpolate.interp1d object at 0x7f920617b868>,0.9803996608443472
284,<scipy.interpolate.interpolate.interp1d object at 0x7f920617b868>,1.0123411433647354
285,<scipy.interpolate.interpolate.interp1d object at 0x7f920617b868>,1.0279666695408571
286,<scipy.interpolate.interpolate.interp1d object at 0x7f920617b868>,1.0173408700224476
287,<scipy.interpolate.interpolate.interp1d object at 0x7f920617b868>,0.9938769688649115
288,<scipy.interpolate.interpolate.interp1d object at 0x7f920617b868>,0.9799461640750127
289,<scipy.interpolate.interpolate.interp1d object at 0x7f920617b868>,0.9852161472063463
290,<scipy.interpolate.interpolate.interp1d object at 0x7f920617b868>,1.0023869950015705
291,<scipy.interpolate.interpolate.interp1d object at 0x7f920617b868>,1.0142548389607524
292,<scipy.interpolate.interpolate.interp1d object at 0x7f920617b868>,1.0120107778422527
293,<scipy.interpolate.interpolate.interp1d object at 0x7f920617b868>,0.9998486432925083
294,<scipy.interpolate.interpolate.interp1d object at 0x7f920617b868>,0.990031115785986
295,<scipy.interpolate.interpolate.interp1d object at 0x7f920617b868>,0.9904856196385198
296,<scipy.interpolate.interpolate.interp1d object at 0x7f920617b868>,0.998814219860019
297,<scipy.interpolate.interpolate.interp1d object at 0x7f920617b868>,1.006839158289722
298,<scipy.interpolate.interpolate.interp1d object at 0x7f920617b868>,1.0075325796403434
299,<scipy.interpolate.interpolate.interp1d object at 0x7f920617b868>,1.00165289799122
300,<scipy.interpolate.interpolate.interp1d object at 0x7f920617b868>,0.6910760042045567
301,<scipy.interpolate.interpolate.interp1d object at 0x7f920617b868>,-0.6995719656317795
302,<scipy.interpolate.interpolate.interp1d object at 0x7f920617b868>,-2.089561099579456
303,<scipy.interpolate.interpolate.interp1d object at 0x7f920617b868>,-2.315291952325092
304,<scipy.interpolate.interpolate.interp1d object at 0x7f920617b868>,-1.4001086695907696
305,<scipy.interpolate.interpolate.interp1d object at 0x7f920617b868>,-0.3166014798048057
306,<scipy.interpolate.interpolate.interp1d object at 0x7f920617b868>,-0.002096629710051187
307,<scipy.interpolate.interpolate.interp1d object at 0x7f920617b868>,-0.5791403828015433
308,<scipy.interpolate.interpolate.interp1d object at 0x7f920617b868>,-1.4036280604338742
309,<scipy.interpolate.interpolate.interp1d object at 0x7f920617b868>,-1.7404139316556508
310,<scipy.interpolate.interpolate.interp1d object at 0x7f920617b868>,-1.3965647123998253
311,<scipy.interpolate.interpolate.interp1d object at 0x7f920617b868>,-0.7835397501293084
312,<scipy.interpolate.interpolate.interp1d object at 0x7f920617b868>,-0.4629910136622552
313,<scipy.interpolate.interpolate.interp1d object at 0x7f920617b868>,-0.6502338232602697
314,<scipy.interpolate.interpolate.interp1d object at 0x7f920617b868>,-1.0959309729520903
315,<scipy.interpolate.interpolate.interp1d object at 0x7f920617b868>,-1.3803653453876619
316,<scipy.interpolate.interpolate.interp1d object at 0x7f920617b868>,-1.294399918400798
317,<scipy.interpolate.interpolate.interp1d object at 0x7f920617b868>,-0.9780519997486694
318,<scipy.interpolate.interpolate.interp1d object at 0x7f920617b868>,-0.7373093191847412
319,<scipy.interpolate.interpolate.interp1d object at 0x7f920617b868>,-0.7604408746634796
320,<scipy.interpolate.interpolate.interp1d object at 0x7f920617b868>,-0.9796938544939195
321,<scipy.interpolate.interpolate.interp1d object at 0x7f920617b868>,-1.1759661600981295
322,<scipy.interpolate.interpolate.interp1d object at 0x7f920617b868>,-1.1892279307279303
323,<scipy.interpolate.interpolate.interp1d object at 0x7f920617b868>,-1.0415492965210658
324,<scipy.interpolate.interpolate.interp1d object at 0x7f920617b868>,-0.8860893217975134
325,<scipy.interpolate.interpolate.interp1d object at 0x7f920617b868>,-0.8539593772598366
326,<scipy.interpolate.interpolate.interp1d object at 0x7f920617b868>,-0.9503560026984363
327,<scipy.interpolate.interpolate.interp1d object at 0x7f920617b868>,-1.0706948678076833
328,<scipy.interpolate.interpolate.interp1d object at 0x7f920617b868>,-1.1097109879642604
329,<scipy.interpolate.interpolate.interp1d object at 0x7f920617b868>,-1.0497917657109685
330,<scipy.interpolate.interpolate.interp1d object at 0x7f920617b868>,-0.9591153611767463
331,<scipy.interpolate.interpolate.interp1d object at 0x7f920617b868>,-0.9190872446763643
332,<scipy.interpolate.interpolate.interp1d object at 0x7f920617b868>,-0.9541376589467863
333,<scipy.interpolate.interpolate.interp1d object at 0x7f920617b868>,-1.021353897515493
334,<scipy.interpolate.interpolate.interp1d object at 0x7f920617b868>,-1.0582552851141527
335,<scipy.interpolate.interpolate.interp1d object at 0x7f920617b868>,-1.0396972308823411
336,<scipy.interpolate.interpolate.interp1d object at 0x7f920617b868>,-0.9910840274279988
337,<scipy.interpolate.interpolate.interp1d object at 0x7f920617b868>,-0.9588768822547447
338,<scipy.interpolate.interpolate.interp1d object at 0x7f920617b868>,-0.967058101404922
339,<scipy.interpolate.interpolate.interp1d object at 0x7f920617b868>,-1.0014403024563097
340,<scipy.interpolate.interpolate.interp1d object at 0x7f920617b868>,-1.0284248327132997
341,<scipy.interpolate.interpolate.interp1d object at 0x7f920617b868>,-1.0265128959998144
342,<scipy.interpolate.interpolate.interp1d object at 0x7f920617b868>,-1.0026819586539153
343,<scipy.interpolate.interpolate.interp1d object at 0x7f920617b868>,-0.9807710523202634
344,<scipy.interpolate.interpolate.interp1d object at 0x7f920617b868>,-0.9791312742788352
345,<scipy.interpolate.interpolate.interp1d object at 0x7f920617b868>,-0.9953774349159887
346,<scipy.interpolate.interpolate.interp1d object at 0x7f920617b868>,-1.0127063498431847
347,<scipy.interpolate.interpolate.interp1d object at 0x7f920617b868>,-1.0161857175582605
348,<scipy.interpolate.interpolate.interp1d object at 0x7f920617b868>,-1.0051939266258998
349,<scipy.interpolate.interpolate.interp1d object at 0x7f920617b868>,-0.9919835819919371
350,<scipy.interpolate.interpolate.interp1d object at 0x7f920617b868>,-0.6822487613318438
351,<scipy.interpolate.interpolate.interp1d object at 0x7f920617b868>,0.7118775712985449
352,<scipy.interpolate.interpolate.interp1d object at 0x7f920617b868>,2.0939798544005432
353,<scipy.interpolate.interpolate.interp1d object at 0x7f920617b868>,2.3094377278086227
354,<scipy.interpolate.interpolate.interp1d object at 0x7f920617b868>,1.3906748641757813
355,<scipy.interpolate.interpolate.interp1d object at 0x7f920617b868>,0.31220093793592896
356,<scipy.interpolate.interpolate.interp1d object at 0x7f920617b868>,0.00548394413802103
357,<scipy.interpolate.interpolate.interp1d object at 0x7f920617b868>,0.586094586464482
358,<scipy.interpolate.interpolate.interp1d object at 0x7f920617b868>,1.4076875229591141
359,<scipy.interpolate.interpolate.interp1d object at 0x7f920617b868>,1.7387039668669217
360,<scipy.interpolate.interpolate.interp1d object at 0x7f920617b868>,1.3915687332700795
361,<scipy.interpolate.interpolate.interp1d object at 0x7f920617b868>,0.7800349787029679
362,<scipy.interpolate.interpolate.interp1d object at 0x7f920617b868>,0.4636356856503119
363,<scipy.interpolate.interpolate.interp1d object at 0x7f920617b868>,0.653735637000145
364,<scipy.interpolate.interpolate.interp1d object at 0x7f920617b868>,1.0988406260013512
365,<scipy.interpolate.interpolate.interp1d object at 0x7f920617b868>,1.380358310135973
366,<scipy.interpolate.interpolate.interp1d object at 0x7f920617b868>,1.292007372552617
367,<scipy.interpolate.interpolate.interp1d object at 0x7f920617b868>,0.9757153544803014
368,<scipy.interpolate.interpolate.interp1d object at 0x7f920617b868>,0.7369681998856945
369,<scipy.interpolate.interpolate.interp1d object at 0x7f920617b868>,0.762024958084037
370,<scipy.interpolate.interpolate.interp1d object at 0x7f920617b868>,0.9815248888705977
371,<scipy.interpolate.interpolate.interp1d object at 0x7f920617b868>,1.1764656799642272
372,<scipy.interpolate.interpolate.interp1d object at 0x7f920617b868>,1.1882198588742992
373,<scipy.interpolate.interpolate.interp1d object at 0x7f920617b868>,1.0401497705076155
374,<scipy.interpolate.interpolate.interp1d object at 0x7f920617b868>,0.8855420904695299
375,<scipy.interpolate.interpolate.interp1d object at 0x7f920617b868>,0.8545522872186508
376,<scipy.interpolate.interpolate.interp1d object at 0x7f920617b868>,0.951418310134571
377,<scipy.interpolate.interpolate.interp1d object at 0x7f920617b868>,1.0712305311877717
378,<scipy.interpolate.interpolate.interp1d object at 0x7f920617b868>,1.1093679579606919
379,<scipy.interpolate.interpolate.interp1d object at 0x7f920617b868>,1.0490202870854983
380,<scipy.interpolate.interpolate.interp1d object at 0x7f920617b868>,0.9586359986122356
381,<scipy.interpolate.interpolate.interp1d object at 0x7f920617b868>,0.9192404473298109
382,<scipy.interpolate.interpolate.interp1d object at 0x7f920617b868>,0.9546981772777597
383,<scipy.interpolate.interpolate.interp1d object at 0x7f920617b868>,1.0217595993376818
384,<scipy.interpolate.interpolate.interp1d object at 0x7f920617b868>,1.0582065771097462
385,<scipy.interpolate.interpolate.interp1d object at 0x7f920617b868>,1.0393135091350372
386,<scipy.interpolate.interpolate.interp1d object at 0x7f920617b868>,0.9907486826286807
387,<scipy.interpolate.interpolate.interp1d object at 0x7f920617b868>,0.9588682705024637
388,<scipy.interpolate.interpolate.interp1d object at 0x7f920617b868>,0.9673074252376742
389,<scipy.interpolate.interpolate.interp1d object at 0x7f920617b868>,1.001719679989952
390,<scipy.interpolate.interpolate.interp1d object at 0x7f920617b868>,1.0284684608297718
391,<scipy.interpolate.interpolate.interp1d object at 0x7f920617b868>,1.0263516690453365
392,<scipy.interpolate.interpolate.interp1d object at 0x7f920617b868>,1.002455189448545
393,<scipy.interpolate.interpolate.interp1d object at 0x7f920617b868>,0.9807151228839647
394,<scipy.interpolate.interpolate.interp1d object at 0x7f920617b868>,0.9792346920433185
395,<scipy.interpolate.interpolate.interp1d object at 0x7f920617b868>,0.9955482562810212
396,<scipy.interpolate.interpolate.interp1d object at 0x7f920617b868>,1.0127578343797707
397,<scipy.interpolate.interpolate.interp1d object at 0x7f920617b868>,1.0161191140874348
398,<scipy.interpolate.interpolate.interp1d object at 0x7f920617b868>,1.0050721509279543
399,<scipy.interpolate.interpolate.interp1d object at 0x7f920617b868>,0.9919227823855902
400,<scipy.interpolate.interpolate.interp1d object at 0x7f920617b868>,0.6840886973304627
401,<scipy.interpolate.interpolate.interp1d object at 0x7f920617b868>,-0.7056762168956315
402,<scipy.interpolate.interpolate.interp1d object at 0x7f920617b868>,-2.089831952587759
403,<scipy.interpolate.interpolate.interp1d object at 0x7f920617b868>,-2.3111555663286545
404,<scipy.interpolate.interpolate.interp1d object at 0x7f920617b868>,-1.3948515086052282
405,<scipy.interpolate.interpolate.interp1d object at 0x7f920617b868>,-0.3153292913887765
406,<scipy.interpolate.interpolate.interp1d object at 0x7f920617b868>,-0.005271300701230455
407,<scipy.interpolate.interpolate.interp1d object at 0x7f920617b868>,-0.5832436466922959
408,<scipy.interpolate.interpolate.interp1d object at 0x7f920617b868>,-1.4050334824212816
409,<scipy.interpolate.interpolate.interp1d object at 0x7f920617b868>,-1.7384168860062457
410,<scipy.interpolate.interpolate.interp1d object at 0x7f920617b868>,-1.3934814412854637
411,<scipy.interpolate.interpolate.interp1d object at 0x7f920617b868>,-0.7821226761804125
412,<scipy.interpolate.interpolate.interp1d object at 0x7f920617b868>,-0.4641218566491841
413,<scipy.interpolate.interpolate.interp1d object at 0x7f920617b868>,-0.6524921409929823
414,<scipy.interpolate.interpolate.interp1d object at 0x7f920617b868>,-1.0972298149488366
415,<scipy.interpolate.interpolate.interp1d object at 0x7f920617b868>,-1.379770357093296
416,<scipy.interpolate.interpolate.interp1d object at 0x7f920617b868>,-1.2927692808061428
417,<scipy.interpolate.interpolate.interp1d object at 0x7f920617b868>,-0.9769177722703506
418,<scipy.interpolate.interpolate.interp1d object at 0x7f920617b868>,-0.7375256334965595
419,<scipy.interpolate.interpolate.interp1d object at 0x7f920617b868>,-0.7616186090080402
420,<scipy.interpolate.interpolate.interp1d object at 0x7f920617b868>,-0.9806497996804989
421,<scipy.interpolate.interpolate.interp1d object at 0x7f920617b868>,-1.1759489646125445
422,<scipy.interpolate.interpolate.interp1d object at 0x7f920617b868>,-1.1885161677508769
423,<scipy.interpolate.interpolate.interp1d object at 0x7f920617b868>,-1.0407463296066441
424,<scipy.interpolate.interpolate.interp1d object at 0x7f920617b868>,-0.885953730122375
425,<scipy.interpolate.interpolate.interp1d object at 0x7f920617b868>,-0.8546107288168703
426,<scipy.interpolate.interpolate.interp1d object at 0x7f920617b868>,-0.9508184464368377
427,<scipy.interpolate.interpolate.interp1d object at 0x7f920617b868>,-1.0707666545423284
428,<scipy.interpolate.interpolate.interp1d object at 0x7f920617b868>,-1.1094219981424656
429,<scipy.interpolate.interpolate.interp1d object at 0x7f920617b868>,-1.049428545203949
430,<scipy.interpolate.interpolate.interp1d object at 0x7f920617b868>,-0.9590160571425296
431,<scipy.interpolate.interpolate.interp1d object at 0x7f920617b868>,-0.9193344081584048
432,<scipy.interpolate.interpolate.interp1d object at 0x7f920617b868>,-0.9543827460159814
433,<scipy.interpolate.interpolate.interp1d object at 0x7f920617b868>,-1.0214792916652493
434,<scipy.interpolate.interpolate.interp1d object at 0x7f920617b868>,-1.058122870719056
435,<scipy.interpolate.interpolate.interp1d object at 0x7f920617b868>,-1.039465363292872
436,<scipy.interpolate.interpolate.interp1d object at 0x7f920617b868>,-0.9909808260481034
437,<scipy.interpolate.interpolate.interp1d object at 0x7f920617b868>,-0.9589209945252737
438,<scipy.interpolate.interpolate.interp1d object at 0x7f920617b868>,-0.9672562356856518
439,<scipy.interpolate.interpolate.interp1d object at 0x7f920617b868>,-1.0015041172812529
440,<scipy.interpolate.interpolate.interp1d object at 0x7f920617b868>,-1.0284119522168047
441,<scipy.interpolate.interpolate.interp1d object at 0x7f920617b868>,-1.026365377927675
442,<scipy.interpolate.interpolate.interp1d object at 0x7f920617b868>,-1.0026130117680958
443,<scipy.interpolate.interpolate.interp1d object at 0x7f920617b868>,-0.9808604080196085
444,<scipy.interpolate.interpolate.interp1d object at 0x7f920617b868>,-0.9792875547146702
445,<scipy.interpolate.interpolate.interp1d object at 0x7f920617b868>,-0.9953123635874277
446,<scipy.interpolate.interpolate.interp1d object at 0x7f920617b868>,-1.0125467782712834
447,<scipy.interpolate.interpolate.interp1d object at 0x7f920617b868>,-1.0159776803301703
448,<scipy.interpolate.interpolate.interp1d object at 0x7f920617b868>,-1.0053073353089166
449,<scipy.interpolate.interpolate.interp1d object at 0x7f920617b868>,-0.9921629462436404
450,<scipy.interpolate.interpolate.interp1d object at 0x7f920617b868>,-0.68339724218286
451,<scipy.interpolate.interpolate.interp1d object at 0x7f920617b868>,0.6990342756110243
452,<scipy.interpolate.interpolate.interp1d object at 0x7f920617b868>,2.0826587442787203
453,<scipy.interpolate.interpolate.interp1d object at 0x7f920617b868>,2.308936303322568
454,<scipy.interpolate.interpolate.interp1d object at 0x7f920617b868>,1.3994949384359963
455,<scipy.interpolate.interpolate.interp1d object at 0x7f920617b868>,0.3211677064305012
456,<scipy.interpolate.interpolate.interp1d object at 0x7f920617b868>,0.007106906997001991
457,<scipy.interpolate.interpolate.interp1d object at 0x7f920617b868>,0.5802870153706852
458,<scipy.interpolate.interpolate.interp1d object at 0x7f920617b868>,1.400632974579824
459,<scipy.interpolate.interpolate.interp1d object at 0x7f920617b868>,1.7365195975253025
460,<scipy.interpolate.interpolate.interp1d object at 0x7f920617b868>,1.3952108174095852
461,<scipy.interpolate.interpolate.interp1d object at 0x7f920617b868>,0.785378922060896
462,<scipy.interpolate.interpolate.interp1d object at 0x7f920617b868>,0.4659037901762946
463,<scipy.interpolate.interpolate.interp1d object at 0x7f920617b868>,0.6515806995353468
464,<scipy.interpolate.interpolate.interp1d object at 0x7f920617b868>,1.0948753653128565
465,<scipy.interpolate.interpolate.interp1d object at 0x7f920617b868>,1.37820565561911
466,<scipy.interpolate.interpolate.interp1d object at 0x7f920617b868>,1.2931610647551353
467,<scipy.interpolate.interpolate.interp1d object at 0x7f920617b868>,0.9785805077672409
468,<scipy.interpolate.interpolate.interp1d object at 0x7f920617b868>,0.7388399275102909
469,<scipy.interpolate.interpolate.interp1d object at 0x7f920617b868>,0.7615396208767896
470,<scipy.interpolate.interpolate.interp1d object at 0x7f920617b868>,0.9795019527355145
471,<scipy.interpolate.interpolate.interp1d object at 0x7f920617b868>,1.1748858248536722
472,<scipy.interpolate.interpolate.interp1d object at 0x7f920617b868>,1.1884039724398214
473,<scipy.interpolate.interpolate.interp1d object at 0x7f920617b868>,1.0415183316135217
474,<scipy.interpolate.interpolate.interp1d object at 0x7f920617b868>,0.8867941823664119
475,<scipy.interpolate.interpolate.interp1d object at 0x7f920617b868>,0.8548048008877941
476,<scipy.interpolate.interpolate.interp1d object at 0x7f920617b868>,0.9503210500229922
477,<scipy.interpolate.interpolate.interp1d object at 0x7f920617b868>,1.0701208576987151
478,<scipy.interpolate.interpolate.interp1d object at 0x7f920617b868>,1.1091958704658846
479,<scipy.interpolate.interpolate.interp1d object at 0x7f920617b868>,1.049733046028907
480,<scipy.interpolate.interpolate.interp1d object at 0x7f920617b868>,0.9594993930340792
481,<scipy.interpolate.interpolate.interp1d object at 0x7f920617b868>,0.9195591460542977
482,<scipy.interpolate.interpolate.interp1d object at 0x7f920617b868>,0.9542076358112545
483,<scipy.interpolate.interpolate.interp1d object at 0x7f920617b868>,1.0211240320758714
484,<scipy.interpolate.interpolate.interp1d object at 0x7f920617b868>,1.057918595007538
485,<scipy.interpolate.interpolate.interp1d object at 0x7f920617b868>,1.039556684948618
486,<scipy.interpolate.interpolate.interp1d object at 0x7f920617b868>,0.9912347861144468
487,<scipy.interpolate.interpolate.interp1d object at 0x7f920617b868>,0.9590989024470076
488,<scipy.interpolate.interpolate.interp1d object at 0x7f920617b868>,0.9672183488190897
489,<scipy.interpolate.interpolate.interp1d object at 0x7f920617b868>,1.0013257395820236
490,<scipy.interpolate.interpolate.interp1d object at 0x7f920617b868>,1.0282651288519011
491,<scipy.interpolate.interpolate.interp1d object at 0x7f920617b868>,1.0263718635701833
492,<scipy.interpolate.interpolate.interp1d object at 0x7f920617b868>,1.0027350300156082
493,<scipy.interpolate.interpolate.interp1d object at 0x7f920617b868>,0.9809773208908418
494,<scipy.interpolate.interpolate.interp1d object at 0x7f920617b868>,0.9792990403915403
495,<scipy.interpolate.interpolate.interp1d object at 0x7f920617b868>,0.9952311863997682
496,<scipy.interpolate.interpolate.interp1d object at 0x7f920617b868>,1.0124554202378209
497,<scipy.interpolate.interpolate.interp1d object at 0x7f920617b868>,1.015960163089876
498,<scipy.interpolate.interpolate.interp1d object at 0x7f920617b868>,1.0053973738766488
499,<scipy.interpolate.interpolate.interp1d object at 0x7f920617b868>,0.9920916014540979
